{
  "service": {
    "service": "execution-service",
    "serviceObject": {
      "name": "execution-service"
    },
    "provider": {
      "name": "aws",
      "runtime": "nodejs20.x",
      "region": "ap-southeast-1",
      "stage": "prod",
      "lambdaHashingVersion": "20201221",
      "logs": {
        "httpApi": false
      },
      "httpApi": {
        "cors": {
          "allowedOrigins": [
            "https://your-frontend-domain.com",
            "http://localhost:5173",
            "http://localhost:5174",
            "http://127.0.0.1:5173"
          ],
          "allowedMethods": [
            "GET",
            "POST",
            "PUT",
            "PATCH",
            "DELETE",
            "OPTIONS"
          ],
          "allowedHeaders": [
            "Content-Type",
            "Authorization",
            "X-Requested-With",
            "Accept",
            "Origin"
          ],
          "allowCredentials": true
        }
      },
      "versionFunctions": true,
      "compiledCloudFormationTemplate": {
        "AWSTemplateFormatVersion": "2010-09-09",
        "Description": "The AWS CloudFormation template for this Serverless application",
        "Resources": {
          "ServerlessDeploymentBucket": {
            "Type": "AWS::S3::Bucket",
            "Properties": {
              "BucketEncryption": {
                "ServerSideEncryptionConfiguration": [
                  {
                    "ServerSideEncryptionByDefault": {
                      "SSEAlgorithm": "AES256"
                    }
                  }
                ]
              }
            }
          },
          "ServerlessDeploymentBucketPolicy": {
            "Type": "AWS::S3::BucketPolicy",
            "Properties": {
              "Bucket": {
                "Ref": "ServerlessDeploymentBucket"
              },
              "PolicyDocument": {
                "Statement": [
                  {
                    "Action": "s3:*",
                    "Effect": "Deny",
                    "Principal": "*",
                    "Resource": [
                      {
                        "Fn::Join": [
                          "",
                          [
                            "arn:",
                            {
                              "Ref": "AWS::Partition"
                            },
                            ":s3:::",
                            {
                              "Ref": "ServerlessDeploymentBucket"
                            },
                            "/*"
                          ]
                        ]
                      },
                      {
                        "Fn::Join": [
                          "",
                          [
                            "arn:",
                            {
                              "Ref": "AWS::Partition"
                            },
                            ":s3:::",
                            {
                              "Ref": "ServerlessDeploymentBucket"
                            }
                          ]
                        ]
                      }
                    ],
                    "Condition": {
                      "Bool": {
                        "aws:SecureTransport": false
                      }
                    }
                  }
                ]
              }
            }
          },
          "ExecutionLogGroup": {
            "Type": "AWS::Logs::LogGroup",
            "Properties": {
              "LogGroupName": "/aws/lambda/execution-service-prod-execution"
            }
          },
          "IamRoleLambdaExecution": {
            "Type": "AWS::IAM::Role",
            "Properties": {
              "AssumeRolePolicyDocument": {
                "Version": "2012-10-17",
                "Statement": [
                  {
                    "Effect": "Allow",
                    "Principal": {
                      "Service": [
                        "lambda.amazonaws.com"
                      ]
                    },
                    "Action": [
                      "sts:AssumeRole"
                    ]
                  }
                ]
              },
              "Policies": [
                {
                  "PolicyName": {
                    "Fn::Join": [
                      "-",
                      [
                        "execution-service",
                        "prod",
                        "lambda"
                      ]
                    ]
                  },
                  "PolicyDocument": {
                    "Version": "2012-10-17",
                    "Statement": [
                      {
                        "Effect": "Allow",
                        "Action": [
                          "logs:CreateLogStream",
                          "logs:CreateLogGroup",
                          "logs:TagResource"
                        ],
                        "Resource": [
                          {
                            "Fn::Sub": "arn:${AWS::Partition}:logs:${AWS::Region}:${AWS::AccountId}:log-group:/aws/lambda/execution-service-prod*:*"
                          }
                        ]
                      },
                      {
                        "Effect": "Allow",
                        "Action": [
                          "logs:PutLogEvents"
                        ],
                        "Resource": [
                          {
                            "Fn::Sub": "arn:${AWS::Partition}:logs:${AWS::Region}:${AWS::AccountId}:log-group:/aws/lambda/execution-service-prod*:*:*"
                          }
                        ]
                      }
                    ]
                  }
                }
              ],
              "Path": "/",
              "RoleName": {
                "Fn::Join": [
                  "-",
                  [
                    "execution-service",
                    "prod",
                    {
                      "Ref": "AWS::Region"
                    },
                    "lambdaRole"
                  ]
                ]
              }
            }
          },
          "ExecutionLambdaFunction": {
            "Type": "AWS::Lambda::Function",
            "Properties": {
              "Code": {
                "S3Bucket": {
                  "Ref": "ServerlessDeploymentBucket"
                },
                "S3Key": "serverless/execution-service/prod/1762964864618-2025-11-12T16:27:44.618Z/execution-service.zip"
              },
              "Handler": "lambda.handler",
              "Runtime": "nodejs20.x",
              "FunctionName": "execution-service-prod-execution",
              "MemorySize": 1024,
              "Timeout": 6,
              "Role": {
                "Fn::GetAtt": [
                  "IamRoleLambdaExecution",
                  "Arn"
                ]
              }
            },
            "DependsOn": [
              "ExecutionLogGroup"
            ]
          },
          "ExecutionLambdaVersionLvbU8qNT0VpYIX2SPeV3FkXpHFsd6HOzc4DL1NLto": {
            "Type": "AWS::Lambda::Version",
            "DeletionPolicy": "Retain",
            "Properties": {
              "FunctionName": {
                "Ref": "ExecutionLambdaFunction"
              },
              "CodeSha256": "5FkTGgmTAw/DYvQ0nZhO6kfVDp2cd595oq6fWDjlQ60="
            }
          },
          "HttpApi": {
            "Type": "AWS::ApiGatewayV2::Api",
            "Properties": {
              "Name": "prod-execution-service",
              "ProtocolType": "HTTP",
              "CorsConfiguration": {
                "AllowCredentials": true,
                "AllowHeaders": [
                  "Content-Type",
                  "Authorization",
                  "X-Requested-With",
                  "Accept",
                  "Origin"
                ],
                "AllowMethods": [
                  "GET",
                  "POST",
                  "PUT",
                  "PATCH",
                  "DELETE",
                  "OPTIONS"
                ],
                "AllowOrigins": [
                  "https://your-frontend-domain.com",
                  "http://localhost:5173",
                  "http://localhost:5174",
                  "http://127.0.0.1:5173"
                ]
              }
            }
          },
          "HttpApiStage": {
            "Type": "AWS::ApiGatewayV2::Stage",
            "Properties": {
              "ApiId": {
                "Ref": "HttpApi"
              },
              "StageName": "$default",
              "AutoDeploy": true,
              "DefaultRouteSettings": {
                "DetailedMetricsEnabled": false
              }
            }
          },
          "ExecutionLambdaPermissionHttpApi": {
            "Type": "AWS::Lambda::Permission",
            "Properties": {
              "FunctionName": {
                "Fn::GetAtt": [
                  "ExecutionLambdaFunction",
                  "Arn"
                ]
              },
              "Action": "lambda:InvokeFunction",
              "Principal": "apigateway.amazonaws.com",
              "SourceArn": {
                "Fn::Join": [
                  "",
                  [
                    "arn:",
                    {
                      "Ref": "AWS::Partition"
                    },
                    ":execute-api:",
                    {
                      "Ref": "AWS::Region"
                    },
                    ":",
                    {
                      "Ref": "AWS::AccountId"
                    },
                    ":",
                    {
                      "Ref": "HttpApi"
                    },
                    "/*"
                  ]
                ]
              }
            }
          },
          "HttpApiIntegrationExecution": {
            "Type": "AWS::ApiGatewayV2::Integration",
            "Properties": {
              "ApiId": {
                "Ref": "HttpApi"
              },
              "IntegrationType": "AWS_PROXY",
              "IntegrationUri": {
                "$ref": "$[\"service\"][\"provider\"][\"compiledCloudFormationTemplate\"][\"Resources\"][\"ExecutionLambdaPermissionHttpApi\"][\"Properties\"][\"FunctionName\"]"
              },
              "PayloadFormatVersion": "2.0",
              "TimeoutInMillis": 30000
            }
          },
          "HttpApiRouteAnyProxyVar": {
            "Type": "AWS::ApiGatewayV2::Route",
            "Properties": {
              "ApiId": {
                "Ref": "HttpApi"
              },
              "RouteKey": "ANY /{proxy+}",
              "Target": {
                "Fn::Join": [
                  "/",
                  [
                    "integrations",
                    {
                      "Ref": "HttpApiIntegrationExecution"
                    }
                  ]
                ]
              }
            },
            "DependsOn": "HttpApiIntegrationExecution"
          }
        },
        "Outputs": {
          "ServerlessDeploymentBucketName": {
            "Value": {
              "Ref": "ServerlessDeploymentBucket"
            },
            "Export": {
              "Name": "sls-execution-service-prod-ServerlessDeploymentBucketName"
            }
          },
          "ExecutionLambdaFunctionQualifiedArn": {
            "Description": "Current Lambda function version",
            "Value": {
              "Ref": "ExecutionLambdaVersionLvbU8qNT0VpYIX2SPeV3FkXpHFsd6HOzc4DL1NLto"
            },
            "Export": {
              "Name": "sls-execution-service-prod-ExecutionLambdaFunctionQualifiedArn"
            }
          },
          "HttpApiId": {
            "Description": "Id of the HTTP API",
            "Value": {
              "Ref": "HttpApi"
            },
            "Export": {
              "Name": "sls-execution-service-prod-HttpApiId"
            }
          },
          "HttpApiUrl": {
            "Description": "URL of the HTTP API",
            "Value": {
              "Fn::Join": [
                "",
                [
                  "https://",
                  {
                    "Ref": "HttpApi"
                  },
                  ".execute-api.",
                  {
                    "Ref": "AWS::Region"
                  },
                  ".",
                  {
                    "Ref": "AWS::URLSuffix"
                  }
                ]
              ]
            },
            "Export": {
              "Name": "sls-execution-service-prod-HttpApiUrl"
            }
          }
        }
      },
      "coreCloudFormationTemplate": {
        "AWSTemplateFormatVersion": "2010-09-09",
        "Description": "The AWS CloudFormation template for this Serverless application",
        "Resources": {
          "ServerlessDeploymentBucket": {
            "Type": "AWS::S3::Bucket",
            "Properties": {
              "BucketEncryption": {
                "ServerSideEncryptionConfiguration": [
                  {
                    "ServerSideEncryptionByDefault": {
                      "SSEAlgorithm": "AES256"
                    }
                  }
                ]
              }
            }
          },
          "ServerlessDeploymentBucketPolicy": {
            "Type": "AWS::S3::BucketPolicy",
            "Properties": {
              "Bucket": {
                "Ref": "ServerlessDeploymentBucket"
              },
              "PolicyDocument": {
                "Statement": [
                  {
                    "Action": "s3:*",
                    "Effect": "Deny",
                    "Principal": "*",
                    "Resource": [
                      {
                        "Fn::Join": [
                          "",
                          [
                            "arn:",
                            {
                              "Ref": "AWS::Partition"
                            },
                            ":s3:::",
                            {
                              "Ref": "ServerlessDeploymentBucket"
                            },
                            "/*"
                          ]
                        ]
                      },
                      {
                        "Fn::Join": [
                          "",
                          [
                            "arn:",
                            {
                              "Ref": "AWS::Partition"
                            },
                            ":s3:::",
                            {
                              "Ref": "ServerlessDeploymentBucket"
                            }
                          ]
                        ]
                      }
                    ],
                    "Condition": {
                      "Bool": {
                        "aws:SecureTransport": false
                      }
                    }
                  }
                ]
              }
            }
          }
        },
        "Outputs": {
          "ServerlessDeploymentBucketName": {
            "Value": {
              "Ref": "ServerlessDeploymentBucket"
            }
          }
        }
      },
      "vpc": {}
    },
    "pluginsData": {},
    "functions": {
      "execution": {
        "handler": "lambda.handler",
        "events": [
          {
            "httpApi": {
              "path": "/{proxy+}",
              "method": "ANY"
            },
            "resolvedMethod": "ANY",
            "resolvedPath": "/{proxy+}"
          }
        ],
        "name": "execution-service-prod-execution",
        "package": {},
        "memory": 1024,
        "timeout": 6,
        "runtime": "nodejs20.x",
        "vpc": {},
        "versionLogicalId": "ExecutionLambdaVersionLvbU8qNT0VpYIX2SPeV3FkXpHFsd6HOzc4DL1NLto"
      }
    },
    "configValidationMode": "warn",
    "serviceFilename": "serverless",
    "initialServerlessConfig": {
      "service": "execution-service",
      "provider": {
        "$ref": "$[\"service\"][\"provider\"]"
      },
      "functions": {
        "$ref": "$[\"service\"][\"functions\"]"
      },
      "package": {
        "patterns": [
          "!node_modules/aws-sdk/**",
          "**"
        ],
        "artifactsS3KeyDirname": "serverless/execution-service/prod/code-artifacts",
        "artifact": "C:\\Users\\zette\\Downloads\\cs3219-ay2526s1-project-g28\\backend\\execution-service\\.serverless\\execution-service.zip",
        "artifactDirectoryName": "serverless/execution-service/prod/1762964864618-2025-11-12T16:27:44.618Z"
      }
    },
    "appId": null,
    "orgId": null,
    "layers": {},
    "artifact": "C:\\Users\\zette\\Downloads\\cs3219-ay2526s1-project-g28\\backend\\execution-service\\.serverless\\execution-service.zip"
  },
  "package": {
    "artifactDirectoryName": "serverless/execution-service/prod/1762964864618-2025-11-12T16:27:44.618Z",
    "artifact": "execution-service.zip"
  }
}