{
  "C:\\Users\\zette\\Downloads\\cs3219-ay2526s1-project-g28\\backend\\execution-service\\serverless.yml": {
    "versionFramework": "4.23.0",
    "servicePath": "C:\\Users\\zette\\Downloads\\cs3219-ay2526s1-project-g28\\backend\\execution-service\\serverless.yml",
    "serviceConfigFileName": "serverless.yml",
    "service": {
      "service": "execution-service",
      "provider": {
        "name": "aws",
        "runtime": "nodejs20.x",
        "region": "ap-southeast-1",
        "stage": "prod",
        "lambdaHashingVersion": "20201221",
        "logs": {
          "httpApi": false
        },
        "httpApi": {
          "cors": {
            "allowedOrigins": [
              "https://your-frontend-domain.com",
              "http://localhost:5173",
              "http://localhost:5174",
              "http://127.0.0.1:5173"
            ],
            "allowedMethods": [
              "GET",
              "POST",
              "PUT",
              "PATCH",
              "DELETE",
              "OPTIONS"
            ],
            "allowedHeaders": [
              "Content-Type",
              "Authorization",
              "X-Requested-With",
              "Accept",
              "Origin"
            ],
            "allowCredentials": "<REDACTED>"
          }
        },
        "versionFunctions": true,
        "compiledCloudFormationTemplate": {
          "AWSTemplateFormatVersion": "2010-09-09",
          "Description": "The AWS CloudFormation template for this Serverless application",
          "Resources": {
            "ServerlessDeploymentBucket": {
              "Type": "AWS::S3::Bucket",
              "Properties": {
                "BucketEncryption": {
                  "ServerSideEncryptionConfiguration": [
                    {
                      "ServerSideEncryptionByDefault": {
                        "SSEAlgorithm": "AES256"
                      }
                    }
                  ]
                }
              }
            },
            "ServerlessDeploymentBucketPolicy": {
              "Type": "AWS::S3::BucketPolicy",
              "Properties": {
                "Bucket": {
                  "Ref": "ServerlessDeploymentBucket"
                },
                "PolicyDocument": {
                  "Statement": [
                    {
                      "Action": "s3:*",
                      "Effect": "Deny",
                      "Principal": "*",
                      "Resource": [
                        {
                          "Fn::Join": [
                            "",
                            [
                              "arn:",
                              {
                                "Ref": "AWS::Partition"
                              },
                              ":s3:::",
                              {
                                "Ref": "ServerlessDeploymentBucket"
                              },
                              "/*"
                            ]
                          ]
                        },
                        {
                          "Fn::Join": [
                            "",
                            [
                              "arn:",
                              {
                                "Ref": "AWS::Partition"
                              },
                              ":s3:::",
                              {
                                "Ref": "ServerlessDeploymentBucket"
                              }
                            ]
                          ]
                        }
                      ],
                      "Condition": {
                        "Bool": {
                          "aws:SecureTransport": false
                        }
                      }
                    }
                  ]
                }
              }
            },
            "ExecutionLogGroup": {
              "Type": "AWS::Logs::LogGroup",
              "Properties": {
                "LogGroupName": "/aws/lambda/execution-service-prod-execution"
              }
            },
            "IamRoleLambdaExecution": {
              "Type": "AWS::IAM::Role",
              "Properties": {
                "AssumeRolePolicyDocument": {
                  "Version": "2012-10-17",
                  "Statement": [
                    {
                      "Effect": "Allow",
                      "Principal": {
                        "Service": [
                          "lambda.amazonaws.com"
                        ]
                      },
                      "Action": [
                        "sts:AssumeRole"
                      ]
                    }
                  ]
                },
                "Policies": [
                  {
                    "PolicyName": {
                      "Fn::Join": [
                        "-",
                        [
                          "execution-service",
                          "prod",
                          "lambda"
                        ]
                      ]
                    },
                    "PolicyDocument": {
                      "Version": "2012-10-17",
                      "Statement": [
                        {
                          "Effect": "Allow",
                          "Action": [
                            "logs:CreateLogStream",
                            "logs:CreateLogGroup",
                            "logs:TagResource"
                          ],
                          "Resource": [
                            {
                              "Fn::Sub": "arn:${AWS::Partition}:logs:${AWS::Region}:${AWS::AccountId}:log-group:/aws/lambda/execution-service-prod*:*"
                            }
                          ]
                        },
                        {
                          "Effect": "Allow",
                          "Action": [
                            "logs:PutLogEvents"
                          ],
                          "Resource": [
                            {
                              "Fn::Sub": "arn:${AWS::Partition}:logs:${AWS::Region}:${AWS::AccountId}:log-group:/aws/lambda/execution-service-prod*:*:*"
                            }
                          ]
                        }
                      ]
                    }
                  }
                ],
                "Path": "/",
                "RoleName": {
                  "Fn::Join": [
                    "-",
                    [
                      "execution-service",
                      "prod",
                      {
                        "Ref": "AWS::Region"
                      },
                      "lambdaRole"
                    ]
                  ]
                }
              }
            },
            "ExecutionLambdaFunction": {
              "Type": "AWS::Lambda::Function",
              "Properties": {
                "Code": {
                  "S3Bucket": {
                    "Ref": "ServerlessDeploymentBucket"
                  },
                  "S3Key": "serverless/execution-service/prod/1762969099869-2025-11-12T17:38:19.869Z/execution-service.zip"
                },
                "Handler": "lambda.handler",
                "Runtime": "nodejs20.x",
                "FunctionName": "execution-service-prod-execution",
                "MemorySize": 1024,
                "Timeout": 6,
                "Role": {
                  "Fn::GetAtt": [
                    "IamRoleLambdaExecution",
                    "Arn"
                  ]
                }
              },
              "DependsOn": [
                "ExecutionLogGroup"
              ]
            },
            "ExecutionLambdaVersionbzW68ft6rerIyhbeU1hIzaAtQY7IXmWCnGzQ5NE8k": {
              "Type": "AWS::Lambda::Version",
              "DeletionPolicy": "Retain",
              "Properties": {
                "FunctionName": {
                  "Ref": "ExecutionLambdaFunction"
                },
                "CodeSha256": "I1qU6U9FJa13HyOAJg7UKduxR/etJsP/UxEHlCIP8qo="
              }
            },
            "HttpApi": {
              "Type": "AWS::ApiGatewayV2::Api",
              "Properties": {
                "Name": "prod-execution-service",
                "ProtocolType": "HTTP",
                "CorsConfiguration": {
                  "AllowCredentials": "<REDACTED>",
                  "AllowHeaders": [
                    "Content-Type",
                    "Authorization",
                    "X-Requested-With",
                    "Accept",
                    "Origin"
                  ],
                  "AllowMethods": [
                    "GET",
                    "POST",
                    "PUT",
                    "PATCH",
                    "DELETE",
                    "OPTIONS"
                  ],
                  "AllowOrigins": [
                    "https://your-frontend-domain.com",
                    "http://localhost:5173",
                    "http://localhost:5174",
                    "http://127.0.0.1:5173"
                  ]
                }
              }
            },
            "HttpApiStage": {
              "Type": "AWS::ApiGatewayV2::Stage",
              "Properties": {
                "ApiId": {
                  "Ref": "HttpApi"
                },
                "StageName": "$default",
                "AutoDeploy": true,
                "DefaultRouteSettings": {
                  "DetailedMetricsEnabled": false
                }
              }
            },
            "ExecutionLambdaPermissionHttpApi": {
              "Type": "AWS::Lambda::Permission",
              "Properties": {
                "FunctionName": {
                  "Fn::GetAtt": [
                    "ExecutionLambdaFunction",
                    "Arn"
                  ]
                },
                "Action": "lambda:InvokeFunction",
                "Principal": "apigateway.amazonaws.com",
                "SourceArn": {
                  "Fn::Join": [
                    "",
                    [
                      "arn:",
                      {
                        "Ref": "AWS::Partition"
                      },
                      ":execute-api:",
                      {
                        "Ref": "AWS::Region"
                      },
                      ":",
                      {
                        "Ref": "AWS::AccountId"
                      },
                      ":",
                      {
                        "Ref": "HttpApi"
                      },
                      "/*"
                    ]
                  ]
                }
              }
            },
            "HttpApiIntegrationExecution": {
              "Type": "AWS::ApiGatewayV2::Integration",
              "Properties": {
                "ApiId": {
                  "Ref": "HttpApi"
                },
                "IntegrationType": "AWS_PROXY",
                "IntegrationUri": {
                  "Fn::GetAtt": [
                    "ExecutionLambdaFunction",
                    "Arn"
                  ]
                },
                "PayloadFormatVersion": "2.0",
                "TimeoutInMillis": 30000
              }
            },
            "HttpApiRouteAnyProxyVar": {
              "Type": "AWS::ApiGatewayV2::Route",
              "Properties": {
                "ApiId": {
                  "Ref": "HttpApi"
                },
                "RouteKey": "ANY /{proxy+}",
                "Target": {
                  "Fn::Join": [
                    "/",
                    [
                      "integrations",
                      {
                        "Ref": "HttpApiIntegrationExecution"
                      }
                    ]
                  ]
                }
              },
              "DependsOn": "HttpApiIntegrationExecution"
            }
          },
          "Outputs": {
            "ServerlessDeploymentBucketName": {
              "Value": {
                "Ref": "ServerlessDeploymentBucket"
              },
              "Export": {
                "Name": "sls-execution-service-prod-ServerlessDeploymentBucketName"
              }
            },
            "ExecutionLambdaFunctionQualifiedArn": {
              "Description": "Current Lambda function version",
              "Value": {
                "Ref": "ExecutionLambdaVersionbzW68ft6rerIyhbeU1hIzaAtQY7IXmWCnGzQ5NE8k"
              },
              "Export": {
                "Name": "sls-execution-service-prod-ExecutionLambdaFunctionQualifiedArn"
              }
            },
            "HttpApiId": {
              "Description": "Id of the HTTP API",
              "Value": {
                "Ref": "HttpApi"
              },
              "Export": {
                "Name": "sls-execution-service-prod-HttpApiId"
              }
            },
            "HttpApiUrl": {
              "Description": "URL of the HTTP API",
              "Value": {
                "Fn::Join": [
                  "",
                  [
                    "https://",
                    {
                      "Ref": "HttpApi"
                    },
                    ".execute-api.",
                    {
                      "Ref": "AWS::Region"
                    },
                    ".",
                    {
                      "Ref": "AWS::URLSuffix"
                    }
                  ]
                ]
              },
              "Export": {
                "Name": "sls-execution-service-prod-HttpApiUrl"
              }
            }
          }
        },
        "coreCloudFormationTemplate": {
          "AWSTemplateFormatVersion": "2010-09-09",
          "Description": "The AWS CloudFormation template for this Serverless application",
          "Resources": {
            "ServerlessDeploymentBucket": {
              "Type": "AWS::S3::Bucket",
              "Properties": {
                "BucketEncryption": {
                  "ServerSideEncryptionConfiguration": [
                    {
                      "ServerSideEncryptionByDefault": {
                        "SSEAlgorithm": "AES256"
                      }
                    }
                  ]
                }
              }
            },
            "ServerlessDeploymentBucketPolicy": {
              "Type": "AWS::S3::BucketPolicy",
              "Properties": {
                "Bucket": {
                  "Ref": "ServerlessDeploymentBucket"
                },
                "PolicyDocument": {
                  "Statement": [
                    {
                      "Action": "s3:*",
                      "Effect": "Deny",
                      "Principal": "*",
                      "Resource": [
                        {
                          "Fn::Join": [
                            "",
                            [
                              "arn:",
                              {
                                "Ref": "AWS::Partition"
                              },
                              ":s3:::",
                              {
                                "Ref": "ServerlessDeploymentBucket"
                              },
                              "/*"
                            ]
                          ]
                        },
                        {
                          "Fn::Join": [
                            "",
                            [
                              "arn:",
                              {
                                "Ref": "AWS::Partition"
                              },
                              ":s3:::",
                              {
                                "Ref": "ServerlessDeploymentBucket"
                              }
                            ]
                          ]
                        }
                      ],
                      "Condition": {
                        "Bool": {
                          "aws:SecureTransport": false
                        }
                      }
                    }
                  ]
                }
              }
            }
          },
          "Outputs": {
            "ServerlessDeploymentBucketName": {
              "Value": {
                "Ref": "ServerlessDeploymentBucket"
              }
            }
          }
        },
        "vpc": {}
      },
      "functions": {
        "execution": {
          "handler": "lambda.handler",
          "events": [
            {
              "httpApi": {
                "path": "/{proxy+}",
                "method": "ANY"
              },
              "resolvedMethod": "ANY",
              "resolvedPath": "/{proxy+}"
            }
          ],
          "name": "execution-service-prod-execution",
          "package": {},
          "memory": 1024,
          "timeout": 6,
          "runtime": "nodejs20.x",
          "vpc": {},
          "versionLogicalId": "ExecutionLambdaVersionbzW68ft6rerIyhbeU1hIzaAtQY7IXmWCnGzQ5NE8k"
        }
      },
      "package": {
        "patterns": [
          "!node_modules/aws-sdk/**",
          "**"
        ],
        "artifactsS3KeyDirname": "serverless/execution-service/prod/code-artifacts",
        "artifact": "C:\\Users\\zette\\Downloads\\cs3219-ay2526s1-project-g28\\backend\\execution-service\\.serverless\\execution-service.zip",
        "artifactDirectoryName": "serverless/execution-service/prod/1762969099869-2025-11-12T17:38:19.869Z"
      }
    },
    "provider": {
      "name": "aws",
      "runtime": "nodejs20.x",
      "region": "ap-southeast-1",
      "stage": "prod",
      "lambdaHashingVersion": "20201221",
      "logs": {
        "httpApi": false
      },
      "httpApi": {
        "cors": {
          "allowedOrigins": [
            "https://your-frontend-domain.com",
            "http://localhost:5173",
            "http://localhost:5174",
            "http://127.0.0.1:5173"
          ],
          "allowedMethods": [
            "GET",
            "POST",
            "PUT",
            "PATCH",
            "DELETE",
            "OPTIONS"
          ],
          "allowedHeaders": [
            "Content-Type",
            "Authorization",
            "X-Requested-With",
            "Accept",
            "Origin"
          ],
          "allowCredentials": "<REDACTED>"
        }
      },
      "versionFunctions": true,
      "compiledCloudFormationTemplate": {
        "AWSTemplateFormatVersion": "2010-09-09",
        "Description": "The AWS CloudFormation template for this Serverless application",
        "Resources": {
          "ServerlessDeploymentBucket": {
            "Type": "AWS::S3::Bucket",
            "Properties": {
              "BucketEncryption": {
                "ServerSideEncryptionConfiguration": [
                  {
                    "ServerSideEncryptionByDefault": {
                      "SSEAlgorithm": "AES256"
                    }
                  }
                ]
              }
            }
          },
          "ServerlessDeploymentBucketPolicy": {
            "Type": "AWS::S3::BucketPolicy",
            "Properties": {
              "Bucket": {
                "Ref": "ServerlessDeploymentBucket"
              },
              "PolicyDocument": {
                "Statement": [
                  {
                    "Action": "s3:*",
                    "Effect": "Deny",
                    "Principal": "*",
                    "Resource": [
                      {
                        "Fn::Join": [
                          "",
                          [
                            "arn:",
                            {
                              "Ref": "AWS::Partition"
                            },
                            ":s3:::",
                            {
                              "Ref": "ServerlessDeploymentBucket"
                            },
                            "/*"
                          ]
                        ]
                      },
                      {
                        "Fn::Join": [
                          "",
                          [
                            "arn:",
                            {
                              "Ref": "AWS::Partition"
                            },
                            ":s3:::",
                            {
                              "Ref": "ServerlessDeploymentBucket"
                            }
                          ]
                        ]
                      }
                    ],
                    "Condition": {
                      "Bool": {
                        "aws:SecureTransport": false
                      }
                    }
                  }
                ]
              }
            }
          },
          "ExecutionLogGroup": {
            "Type": "AWS::Logs::LogGroup",
            "Properties": {
              "LogGroupName": "/aws/lambda/execution-service-prod-execution"
            }
          },
          "IamRoleLambdaExecution": {
            "Type": "AWS::IAM::Role",
            "Properties": {
              "AssumeRolePolicyDocument": {
                "Version": "2012-10-17",
                "Statement": [
                  {
                    "Effect": "Allow",
                    "Principal": {
                      "Service": [
                        "lambda.amazonaws.com"
                      ]
                    },
                    "Action": [
                      "sts:AssumeRole"
                    ]
                  }
                ]
              },
              "Policies": [
                {
                  "PolicyName": {
                    "Fn::Join": [
                      "-",
                      [
                        "execution-service",
                        "prod",
                        "lambda"
                      ]
                    ]
                  },
                  "PolicyDocument": {
                    "Version": "2012-10-17",
                    "Statement": [
                      {
                        "Effect": "Allow",
                        "Action": [
                          "logs:CreateLogStream",
                          "logs:CreateLogGroup",
                          "logs:TagResource"
                        ],
                        "Resource": [
                          {
                            "Fn::Sub": "arn:${AWS::Partition}:logs:${AWS::Region}:${AWS::AccountId}:log-group:/aws/lambda/execution-service-prod*:*"
                          }
                        ]
                      },
                      {
                        "Effect": "Allow",
                        "Action": [
                          "logs:PutLogEvents"
                        ],
                        "Resource": [
                          {
                            "Fn::Sub": "arn:${AWS::Partition}:logs:${AWS::Region}:${AWS::AccountId}:log-group:/aws/lambda/execution-service-prod*:*:*"
                          }
                        ]
                      }
                    ]
                  }
                }
              ],
              "Path": "/",
              "RoleName": {
                "Fn::Join": [
                  "-",
                  [
                    "execution-service",
                    "prod",
                    {
                      "Ref": "AWS::Region"
                    },
                    "lambdaRole"
                  ]
                ]
              }
            }
          },
          "ExecutionLambdaFunction": {
            "Type": "AWS::Lambda::Function",
            "Properties": {
              "Code": {
                "S3Bucket": {
                  "Ref": "ServerlessDeploymentBucket"
                },
                "S3Key": "serverless/execution-service/prod/1762969099869-2025-11-12T17:38:19.869Z/execution-service.zip"
              },
              "Handler": "lambda.handler",
              "Runtime": "nodejs20.x",
              "FunctionName": "execution-service-prod-execution",
              "MemorySize": 1024,
              "Timeout": 6,
              "Role": {
                "Fn::GetAtt": [
                  "IamRoleLambdaExecution",
                  "Arn"
                ]
              }
            },
            "DependsOn": [
              "ExecutionLogGroup"
            ]
          },
          "ExecutionLambdaVersionbzW68ft6rerIyhbeU1hIzaAtQY7IXmWCnGzQ5NE8k": {
            "Type": "AWS::Lambda::Version",
            "DeletionPolicy": "Retain",
            "Properties": {
              "FunctionName": {
                "Ref": "ExecutionLambdaFunction"
              },
              "CodeSha256": "I1qU6U9FJa13HyOAJg7UKduxR/etJsP/UxEHlCIP8qo="
            }
          },
          "HttpApi": {
            "Type": "AWS::ApiGatewayV2::Api",
            "Properties": {
              "Name": "prod-execution-service",
              "ProtocolType": "HTTP",
              "CorsConfiguration": {
                "AllowCredentials": "<REDACTED>",
                "AllowHeaders": [
                  "Content-Type",
                  "Authorization",
                  "X-Requested-With",
                  "Accept",
                  "Origin"
                ],
                "AllowMethods": [
                  "GET",
                  "POST",
                  "PUT",
                  "PATCH",
                  "DELETE",
                  "OPTIONS"
                ],
                "AllowOrigins": [
                  "https://your-frontend-domain.com",
                  "http://localhost:5173",
                  "http://localhost:5174",
                  "http://127.0.0.1:5173"
                ]
              }
            }
          },
          "HttpApiStage": {
            "Type": "AWS::ApiGatewayV2::Stage",
            "Properties": {
              "ApiId": {
                "Ref": "HttpApi"
              },
              "StageName": "$default",
              "AutoDeploy": true,
              "DefaultRouteSettings": {
                "DetailedMetricsEnabled": false
              }
            }
          },
          "ExecutionLambdaPermissionHttpApi": {
            "Type": "AWS::Lambda::Permission",
            "Properties": {
              "FunctionName": {
                "Fn::GetAtt": [
                  "ExecutionLambdaFunction",
                  "Arn"
                ]
              },
              "Action": "lambda:InvokeFunction",
              "Principal": "apigateway.amazonaws.com",
              "SourceArn": {
                "Fn::Join": [
                  "",
                  [
                    "arn:",
                    {
                      "Ref": "AWS::Partition"
                    },
                    ":execute-api:",
                    {
                      "Ref": "AWS::Region"
                    },
                    ":",
                    {
                      "Ref": "AWS::AccountId"
                    },
                    ":",
                    {
                      "Ref": "HttpApi"
                    },
                    "/*"
                  ]
                ]
              }
            }
          },
          "HttpApiIntegrationExecution": {
            "Type": "AWS::ApiGatewayV2::Integration",
            "Properties": {
              "ApiId": {
                "Ref": "HttpApi"
              },
              "IntegrationType": "AWS_PROXY",
              "IntegrationUri": {
                "Fn::GetAtt": [
                  "ExecutionLambdaFunction",
                  "Arn"
                ]
              },
              "PayloadFormatVersion": "2.0",
              "TimeoutInMillis": 30000
            }
          },
          "HttpApiRouteAnyProxyVar": {
            "Type": "AWS::ApiGatewayV2::Route",
            "Properties": {
              "ApiId": {
                "Ref": "HttpApi"
              },
              "RouteKey": "ANY /{proxy+}",
              "Target": {
                "Fn::Join": [
                  "/",
                  [
                    "integrations",
                    {
                      "Ref": "HttpApiIntegrationExecution"
                    }
                  ]
                ]
              }
            },
            "DependsOn": "HttpApiIntegrationExecution"
          }
        },
        "Outputs": {
          "ServerlessDeploymentBucketName": {
            "Value": {
              "Ref": "ServerlessDeploymentBucket"
            },
            "Export": {
              "Name": "sls-execution-service-prod-ServerlessDeploymentBucketName"
            }
          },
          "ExecutionLambdaFunctionQualifiedArn": {
            "Description": "Current Lambda function version",
            "Value": {
              "Ref": "ExecutionLambdaVersionbzW68ft6rerIyhbeU1hIzaAtQY7IXmWCnGzQ5NE8k"
            },
            "Export": {
              "Name": "sls-execution-service-prod-ExecutionLambdaFunctionQualifiedArn"
            }
          },
          "HttpApiId": {
            "Description": "Id of the HTTP API",
            "Value": {
              "Ref": "HttpApi"
            },
            "Export": {
              "Name": "sls-execution-service-prod-HttpApiId"
            }
          },
          "HttpApiUrl": {
            "Description": "URL of the HTTP API",
            "Value": {
              "Fn::Join": [
                "",
                [
                  "https://",
                  {
                    "Ref": "HttpApi"
                  },
                  ".execute-api.",
                  {
                    "Ref": "AWS::Region"
                  },
                  ".",
                  {
                    "Ref": "AWS::URLSuffix"
                  }
                ]
              ]
            },
            "Export": {
              "Name": "sls-execution-service-prod-HttpApiUrl"
            }
          }
        }
      },
      "coreCloudFormationTemplate": {
        "AWSTemplateFormatVersion": "2010-09-09",
        "Description": "The AWS CloudFormation template for this Serverless application",
        "Resources": {
          "ServerlessDeploymentBucket": {
            "Type": "AWS::S3::Bucket",
            "Properties": {
              "BucketEncryption": {
                "ServerSideEncryptionConfiguration": [
                  {
                    "ServerSideEncryptionByDefault": {
                      "SSEAlgorithm": "AES256"
                    }
                  }
                ]
              }
            }
          },
          "ServerlessDeploymentBucketPolicy": {
            "Type": "AWS::S3::BucketPolicy",
            "Properties": {
              "Bucket": {
                "Ref": "ServerlessDeploymentBucket"
              },
              "PolicyDocument": {
                "Statement": [
                  {
                    "Action": "s3:*",
                    "Effect": "Deny",
                    "Principal": "*",
                    "Resource": [
                      {
                        "Fn::Join": [
                          "",
                          [
                            "arn:",
                            {
                              "Ref": "AWS::Partition"
                            },
                            ":s3:::",
                            {
                              "Ref": "ServerlessDeploymentBucket"
                            },
                            "/*"
                          ]
                        ]
                      },
                      {
                        "Fn::Join": [
                          "",
                          [
                            "arn:",
                            {
                              "Ref": "AWS::Partition"
                            },
                            ":s3:::",
                            {
                              "Ref": "ServerlessDeploymentBucket"
                            }
                          ]
                        ]
                      }
                    ],
                    "Condition": {
                      "Bool": {
                        "aws:SecureTransport": false
                      }
                    }
                  }
                ]
              }
            }
          }
        },
        "Outputs": {
          "ServerlessDeploymentBucketName": {
            "Value": {
              "Ref": "ServerlessDeploymentBucket"
            }
          }
        }
      },
      "vpc": {}
    },
    "dashboard": {
      "isEnabledForService": false,
      "requiredAuthentication": false,
      "orgFeaturesInUse": null,
      "orgObservabilityIntegrations": null,
      "serviceAppId": null,
      "serviceProvider": null,
      "instanceParameters": null
    },
    "serviceRawFile": "service: execution-service\r\n\r\nprovider:\r\n  name: aws\r\n  runtime: nodejs20.x\r\n  region: ap-southeast-1\r\n  stage: prod\r\n  lambdaHashingVersion: 20201221\r\n  logs:\r\n    httpApi: false # disables CloudWatch access logs for HTTP APIs\r\n  httpApi:\r\n    cors:\r\n      allowedOrigins:\r\n        - https://your-frontend-domain.com\r\n        - http://localhost:5173\r\n        - http://localhost:5174\r\n        - http://127.0.0.1:5173\r\n      allowedMethods:\r\n        - GET\r\n        - POST\r\n        - PUT\r\n        - PATCH\r\n        - DELETE\r\n        - OPTIONS\r\n      allowedHeaders:\r\n        - Content-Type\r\n        - Authorization\r\n        - X-Requested-With\r\n        - Accept\r\n        - Origin\r\n      allowCredentials: true\r\n\r\nfunctions:\r\n  execution:\r\n    handler: lambda.handler\r\n    events:\r\n      - httpApi:\r\n          path: /{proxy+}\r\n          method: ANY\r\n\r\npackage:\r\n  patterns:\r\n    - \"!node_modules/aws-sdk/**\"\r\n    - \"**\"\r\n",
    "command": [
      "deploy"
    ],
    "options": {
      "region": "ap-southeast-1",
      "stage": "prod"
    },
    "orgId": "45401b20-476c-48c4-b969-afd8bca2ab5b",
    "orgName": "peerprep",
    "userId": "HgsM33DL9Gyjfd7M62",
    "userName": "peerprep",
    "serviceProviderAwsAccountId": "975050052121",
    "serviceProviderAwsCfStackName": "execution-service-prod",
    "serviceProviderAwsCfStackId": "arn:aws:cloudformation:ap-southeast-1:975050052121:stack/execution-service-prod/51cc4030-bf29-11f0-aaca-063f70d7d4cd",
    "serviceProviderAwsCfStackCreated": "2025-11-11T18:07:44.322Z",
    "serviceProviderAwsCfStackUpdated": "2025-11-12T16:48:59.032Z",
    "serviceProviderAwsCfStackStatus": "UPDATE_COMPLETE",
    "serviceProviderAwsCfStackOutputs": [
      {
        "OutputKey": "ExecutionLambdaFunctionQualifiedArn",
        "OutputValue": "arn:aws:lambda:ap-southeast-1:975050052121:function:execution-service-prod-execution:10",
        "Description": "Current Lambda function version",
        "ExportName": "sls-execution-service-prod-ExecutionLambdaFunctionQualifiedArn"
      },
      {
        "OutputKey": "HttpApiId",
        "OutputValue": "4esosnme10",
        "Description": "Id of the HTTP API",
        "ExportName": "sls-execution-service-prod-HttpApiId"
      },
      {
        "OutputKey": "ServerlessDeploymentBucketName",
        "OutputValue": "execution-service-prod-serverlessdeploymentbucket-fb4cbrwlweku",
        "ExportName": "sls-execution-service-prod-ServerlessDeploymentBucketName"
      },
      {
        "OutputKey": "HttpApiUrl",
        "OutputValue": "https://4esosnme10.execute-api.ap-southeast-1.amazonaws.com",
        "Description": "URL of the HTTP API",
        "ExportName": "sls-execution-service-prod-HttpApiUrl"
      }
    ],
    "compiledCloudFormationTemplate": {
      "AWSTemplateFormatVersion": "2010-09-09",
      "Description": "The AWS CloudFormation template for this Serverless application",
      "Resources": {
        "ServerlessDeploymentBucket": {
          "Type": "AWS::S3::Bucket",
          "Properties": {
            "BucketEncryption": {
              "ServerSideEncryptionConfiguration": [
                {
                  "ServerSideEncryptionByDefault": {
                    "SSEAlgorithm": "AES256"
                  }
                }
              ]
            }
          }
        },
        "ServerlessDeploymentBucketPolicy": {
          "Type": "AWS::S3::BucketPolicy",
          "Properties": {
            "Bucket": {
              "Ref": "ServerlessDeploymentBucket"
            },
            "PolicyDocument": {
              "Statement": [
                {
                  "Action": "s3:*",
                  "Effect": "Deny",
                  "Principal": "*",
                  "Resource": [
                    {
                      "Fn::Join": [
                        "",
                        [
                          "arn:",
                          {
                            "Ref": "AWS::Partition"
                          },
                          ":s3:::",
                          {
                            "Ref": "ServerlessDeploymentBucket"
                          },
                          "/*"
                        ]
                      ]
                    },
                    {
                      "Fn::Join": [
                        "",
                        [
                          "arn:",
                          {
                            "Ref": "AWS::Partition"
                          },
                          ":s3:::",
                          {
                            "Ref": "ServerlessDeploymentBucket"
                          }
                        ]
                      ]
                    }
                  ],
                  "Condition": {
                    "Bool": {
                      "aws:SecureTransport": false
                    }
                  }
                }
              ]
            }
          }
        },
        "ExecutionLogGroup": {
          "Type": "AWS::Logs::LogGroup",
          "Properties": {
            "LogGroupName": "/aws/lambda/execution-service-prod-execution"
          }
        },
        "IamRoleLambdaExecution": {
          "Type": "AWS::IAM::Role",
          "Properties": {
            "AssumeRolePolicyDocument": {
              "Version": "2012-10-17",
              "Statement": [
                {
                  "Effect": "Allow",
                  "Principal": {
                    "Service": [
                      "lambda.amazonaws.com"
                    ]
                  },
                  "Action": [
                    "sts:AssumeRole"
                  ]
                }
              ]
            },
            "Policies": [
              {
                "PolicyName": {
                  "Fn::Join": [
                    "-",
                    [
                      "execution-service",
                      "prod",
                      "lambda"
                    ]
                  ]
                },
                "PolicyDocument": {
                  "Version": "2012-10-17",
                  "Statement": [
                    {
                      "Effect": "Allow",
                      "Action": [
                        "logs:CreateLogStream",
                        "logs:CreateLogGroup",
                        "logs:TagResource"
                      ],
                      "Resource": [
                        {
                          "Fn::Sub": "arn:${AWS::Partition}:logs:${AWS::Region}:${AWS::AccountId}:log-group:/aws/lambda/execution-service-prod*:*"
                        }
                      ]
                    },
                    {
                      "Effect": "Allow",
                      "Action": [
                        "logs:PutLogEvents"
                      ],
                      "Resource": [
                        {
                          "Fn::Sub": "arn:${AWS::Partition}:logs:${AWS::Region}:${AWS::AccountId}:log-group:/aws/lambda/execution-service-prod*:*:*"
                        }
                      ]
                    }
                  ]
                }
              }
            ],
            "Path": "/",
            "RoleName": {
              "Fn::Join": [
                "-",
                [
                  "execution-service",
                  "prod",
                  {
                    "Ref": "AWS::Region"
                  },
                  "lambdaRole"
                ]
              ]
            }
          }
        },
        "ExecutionLambdaFunction": {
          "Type": "AWS::Lambda::Function",
          "Properties": {
            "Code": {
              "S3Bucket": {
                "Ref": "ServerlessDeploymentBucket"
              },
              "S3Key": "serverless/execution-service/prod/1762969099869-2025-11-12T17:38:19.869Z/execution-service.zip"
            },
            "Handler": "lambda.handler",
            "Runtime": "nodejs20.x",
            "FunctionName": "execution-service-prod-execution",
            "MemorySize": 1024,
            "Timeout": 6,
            "Role": {
              "Fn::GetAtt": [
                "IamRoleLambdaExecution",
                "Arn"
              ]
            }
          },
          "DependsOn": [
            "ExecutionLogGroup"
          ]
        },
        "ExecutionLambdaVersionbzW68ft6rerIyhbeU1hIzaAtQY7IXmWCnGzQ5NE8k": {
          "Type": "AWS::Lambda::Version",
          "DeletionPolicy": "Retain",
          "Properties": {
            "FunctionName": {
              "Ref": "ExecutionLambdaFunction"
            },
            "CodeSha256": "I1qU6U9FJa13HyOAJg7UKduxR/etJsP/UxEHlCIP8qo="
          }
        },
        "HttpApi": {
          "Type": "AWS::ApiGatewayV2::Api",
          "Properties": {
            "Name": "prod-execution-service",
            "ProtocolType": "HTTP",
            "CorsConfiguration": {
              "AllowCredentials": "<REDACTED>",
              "AllowHeaders": [
                "Content-Type",
                "Authorization",
                "X-Requested-With",
                "Accept",
                "Origin"
              ],
              "AllowMethods": [
                "GET",
                "POST",
                "PUT",
                "PATCH",
                "DELETE",
                "OPTIONS"
              ],
              "AllowOrigins": [
                "https://your-frontend-domain.com",
                "http://localhost:5173",
                "http://localhost:5174",
                "http://127.0.0.1:5173"
              ]
            }
          }
        },
        "HttpApiStage": {
          "Type": "AWS::ApiGatewayV2::Stage",
          "Properties": {
            "ApiId": {
              "Ref": "HttpApi"
            },
            "StageName": "$default",
            "AutoDeploy": true,
            "DefaultRouteSettings": {
              "DetailedMetricsEnabled": false
            }
          }
        },
        "ExecutionLambdaPermissionHttpApi": {
          "Type": "AWS::Lambda::Permission",
          "Properties": {
            "FunctionName": {
              "Fn::GetAtt": [
                "ExecutionLambdaFunction",
                "Arn"
              ]
            },
            "Action": "lambda:InvokeFunction",
            "Principal": "apigateway.amazonaws.com",
            "SourceArn": {
              "Fn::Join": [
                "",
                [
                  "arn:",
                  {
                    "Ref": "AWS::Partition"
                  },
                  ":execute-api:",
                  {
                    "Ref": "AWS::Region"
                  },
                  ":",
                  {
                    "Ref": "AWS::AccountId"
                  },
                  ":",
                  {
                    "Ref": "HttpApi"
                  },
                  "/*"
                ]
              ]
            }
          }
        },
        "HttpApiIntegrationExecution": {
          "Type": "AWS::ApiGatewayV2::Integration",
          "Properties": {
            "ApiId": {
              "Ref": "HttpApi"
            },
            "IntegrationType": "AWS_PROXY",
            "IntegrationUri": {
              "Fn::GetAtt": [
                "ExecutionLambdaFunction",
                "Arn"
              ]
            },
            "PayloadFormatVersion": "2.0",
            "TimeoutInMillis": 30000
          }
        },
        "HttpApiRouteAnyProxyVar": {
          "Type": "AWS::ApiGatewayV2::Route",
          "Properties": {
            "ApiId": {
              "Ref": "HttpApi"
            },
            "RouteKey": "ANY /{proxy+}",
            "Target": {
              "Fn::Join": [
                "/",
                [
                  "integrations",
                  {
                    "Ref": "HttpApiIntegrationExecution"
                  }
                ]
              ]
            }
          },
          "DependsOn": "HttpApiIntegrationExecution"
        }
      },
      "Outputs": {
        "ServerlessDeploymentBucketName": {
          "Value": {
            "Ref": "ServerlessDeploymentBucket"
          },
          "Export": {
            "Name": "sls-execution-service-prod-ServerlessDeploymentBucketName"
          }
        },
        "ExecutionLambdaFunctionQualifiedArn": {
          "Description": "Current Lambda function version",
          "Value": {
            "Ref": "ExecutionLambdaVersionbzW68ft6rerIyhbeU1hIzaAtQY7IXmWCnGzQ5NE8k"
          },
          "Export": {
            "Name": "sls-execution-service-prod-ExecutionLambdaFunctionQualifiedArn"
          }
        },
        "HttpApiId": {
          "Description": "Id of the HTTP API",
          "Value": {
            "Ref": "HttpApi"
          },
          "Export": {
            "Name": "sls-execution-service-prod-HttpApiId"
          }
        },
        "HttpApiUrl": {
          "Description": "URL of the HTTP API",
          "Value": {
            "Fn::Join": [
              "",
              [
                "https://",
                {
                  "Ref": "HttpApi"
                },
                ".execute-api.",
                {
                  "Ref": "AWS::Region"
                },
                ".",
                {
                  "Ref": "AWS::URLSuffix"
                }
              ]
            ]
          },
          "Export": {
            "Name": "sls-execution-service-prod-HttpApiUrl"
          }
        }
      }
    },
    "coreCloudFormationTemplate": {
      "AWSTemplateFormatVersion": "2010-09-09",
      "Description": "The AWS CloudFormation template for this Serverless application",
      "Resources": {
        "ServerlessDeploymentBucket": {
          "Type": "AWS::S3::Bucket",
          "Properties": {
            "BucketEncryption": {
              "ServerSideEncryptionConfiguration": [
                {
                  "ServerSideEncryptionByDefault": {
                    "SSEAlgorithm": "AES256"
                  }
                }
              ]
            }
          }
        },
        "ServerlessDeploymentBucketPolicy": {
          "Type": "AWS::S3::BucketPolicy",
          "Properties": {
            "Bucket": {
              "Ref": "ServerlessDeploymentBucket"
            },
            "PolicyDocument": {
              "Statement": [
                {
                  "Action": "s3:*",
                  "Effect": "Deny",
                  "Principal": "*",
                  "Resource": [
                    {
                      "Fn::Join": [
                        "",
                        [
                          "arn:",
                          {
                            "Ref": "AWS::Partition"
                          },
                          ":s3:::",
                          {
                            "Ref": "ServerlessDeploymentBucket"
                          },
                          "/*"
                        ]
                      ]
                    },
                    {
                      "Fn::Join": [
                        "",
                        [
                          "arn:",
                          {
                            "Ref": "AWS::Partition"
                          },
                          ":s3:::",
                          {
                            "Ref": "ServerlessDeploymentBucket"
                          }
                        ]
                      ]
                    }
                  ],
                  "Condition": {
                    "Bool": {
                      "aws:SecureTransport": false
                    }
                  }
                }
              ]
            }
          }
        }
      },
      "Outputs": {
        "ServerlessDeploymentBucketName": {
          "Value": {
            "Ref": "ServerlessDeploymentBucket"
          }
        }
      }
    }
  }
}