{
  "AWSTemplateFormatVersion": "2010-09-09",
  "Description": "The AWS CloudFormation template for this Serverless application",
  "Resources": {
    "QuesitonLogGroup": {
      "Type": "AWS::Logs::LogGroup",
      "Properties": {
        "LogGroupName": "/aws/lambda/question-service-prod-quesiton"
      }
    },
    "IamRoleLambdaExecution": {
      "Type": "AWS::IAM::Role",
      "Properties": {
        "AssumeRolePolicyDocument": {
          "Version": "2012-10-17",
          "Statement": [
            {
              "Effect": "Allow",
              "Principal": {
                "Service": [
                  "lambda.amazonaws.com"
                ]
              },
              "Action": [
                "sts:AssumeRole"
              ]
            }
          ]
        },
        "Policies": [
          {
            "PolicyName": {
              "Fn::Join": [
                "-",
                [
                  "question-service",
                  "prod",
                  "lambda"
                ]
              ]
            },
            "PolicyDocument": {
              "Version": "2012-10-17",
              "Statement": [
                {
                  "Effect": "Allow",
                  "Action": [
                    "logs:CreateLogStream",
                    "logs:CreateLogGroup",
                    "logs:TagResource"
                  ],
                  "Resource": [
                    {
                      "Fn::Sub": "arn:${AWS::Partition}:logs:${AWS::Region}:${AWS::AccountId}:log-group:/aws/lambda/question-service-prod*:*"
                    }
                  ]
                },
                {
                  "Effect": "Allow",
                  "Action": [
                    "logs:PutLogEvents"
                  ],
                  "Resource": [
                    {
                      "Fn::Sub": "arn:${AWS::Partition}:logs:${AWS::Region}:${AWS::AccountId}:log-group:/aws/lambda/question-service-prod*:*:*"
                    }
                  ]
                }
              ]
            }
          }
        ],
        "Path": "/",
        "RoleName": {
          "Fn::Join": [
            "-",
            [
              "question-service",
              "prod",
              {
                "Ref": "AWS::Region"
              },
              "lambdaRole"
            ]
          ]
        }
      }
    },
    "QuesitonLambdaFunction": {
      "Type": "AWS::Lambda::Function",
      "Properties": {
        "Code": {
          "S3Bucket": "serverless-framework-deployments-ap-southeast-1-3a8834ab-0f35",
          "S3Key": "serverless/question-service/prod/1762924262548-2025-11-12T05:11:02.548Z/question-service.zip"
        },
        "Handler": "lambda.handler",
        "Runtime": "nodejs20.x",
        "FunctionName": "question-service-prod-quesiton",
        "MemorySize": 1024,
        "Timeout": 6,
        "Environment": {
          "Variables": {
            "PORT": "3002",
            "DB_LOCAL_URI": "mongodb+srv://postgrass_admin:kbZPifVl5m0MbxrK@postgrass.185fsry.mongodb.net/cs3219_question_service?retryWrites=true&w=majority&appName=postgrass",
            "DB_CLOUD_URI": "mongodb+srv://postgrass_admin:kbZPifVl5m0MbxrK@postgrass.185fsry.mongodb.net/cs3219_question_service?retryWrites=true&w=majority&appName=postgrass",
            "ENV": "DEV",
            "JWT_SECRET": "you-can-replace-this-with-your-own-secret",
            "KAFKA_BROKERS": "pkc-619z3.us-east1.gcp.confluent.cloud:9092",
            "KAFKA_USERNAME": "FUDFCTP3CXGUPX6K",
            "KAFKA_PASSWORD": "cfltWeFQnAErGZaU5voScbhQLWN3MIxJ6Cx2e61nSSFm9ehBOEPtcsfTIXTDS5tQ",
            "CLOUDINARY_CLOUD_NAME": "dyizbfggo",
            "CLOUDINARY_API_KEY": "783516565847746",
            "CLOUDINARY_API_SECRET": "OcUjRj5dZYs58DhdklQx_RpOw9g"
          }
        },
        "Role": {
          "Fn::GetAtt": [
            "IamRoleLambdaExecution",
            "Arn"
          ]
        }
      },
      "DependsOn": [
        "QuesitonLogGroup"
      ]
    },
    "QuesitonLambdaVersionOeCHRiaGb95QtetPBw4L8v35SlRi5LH0sOvsL7ksM": {
      "Type": "AWS::Lambda::Version",
      "DeletionPolicy": "Retain",
      "Properties": {
        "FunctionName": {
          "Ref": "QuesitonLambdaFunction"
        },
        "CodeSha256": "BFRbweeENageHYYvdreZtn6bOzuwANMClPQlXcftiBM="
      }
    },
    "HttpApi": {
      "Type": "AWS::ApiGatewayV2::Api",
      "Properties": {
        "Name": "prod-question-service",
        "ProtocolType": "HTTP"
      }
    },
    "HttpApiStage": {
      "Type": "AWS::ApiGatewayV2::Stage",
      "Properties": {
        "ApiId": {
          "Ref": "HttpApi"
        },
        "StageName": "$default",
        "AutoDeploy": true,
        "DefaultRouteSettings": {
          "DetailedMetricsEnabled": false
        }
      }
    },
    "QuesitonLambdaPermissionHttpApi": {
      "Type": "AWS::Lambda::Permission",
      "Properties": {
        "FunctionName": {
          "Fn::GetAtt": [
            "QuesitonLambdaFunction",
            "Arn"
          ]
        },
        "Action": "lambda:InvokeFunction",
        "Principal": "apigateway.amazonaws.com",
        "SourceArn": {
          "Fn::Join": [
            "",
            [
              "arn:",
              {
                "Ref": "AWS::Partition"
              },
              ":execute-api:",
              {
                "Ref": "AWS::Region"
              },
              ":",
              {
                "Ref": "AWS::AccountId"
              },
              ":",
              {
                "Ref": "HttpApi"
              },
              "/*"
            ]
          ]
        }
      }
    },
    "HttpApiIntegrationQuesiton": {
      "Type": "AWS::ApiGatewayV2::Integration",
      "Properties": {
        "ApiId": {
          "Ref": "HttpApi"
        },
        "IntegrationType": "AWS_PROXY",
        "IntegrationUri": {
          "Fn::GetAtt": [
            "QuesitonLambdaFunction",
            "Arn"
          ]
        },
        "PayloadFormatVersion": "2.0",
        "TimeoutInMillis": 30000
      }
    },
    "HttpApiRouteAnyProxyVar": {
      "Type": "AWS::ApiGatewayV2::Route",
      "Properties": {
        "ApiId": {
          "Ref": "HttpApi"
        },
        "RouteKey": "ANY /{proxy+}",
        "Target": {
          "Fn::Join": [
            "/",
            [
              "integrations",
              {
                "Ref": "HttpApiIntegrationQuesiton"
              }
            ]
          ]
        }
      },
      "DependsOn": "HttpApiIntegrationQuesiton"
    }
  },
  "Outputs": {
    "ServerlessDeploymentBucketName": {
      "Value": "serverless-framework-deployments-ap-southeast-1-3a8834ab-0f35",
      "Export": {
        "Name": "sls-question-service-prod-ServerlessDeploymentBucketName"
      }
    },
    "QuesitonLambdaFunctionQualifiedArn": {
      "Description": "Current Lambda function version",
      "Value": {
        "Ref": "QuesitonLambdaVersionOeCHRiaGb95QtetPBw4L8v35SlRi5LH0sOvsL7ksM"
      },
      "Export": {
        "Name": "sls-question-service-prod-QuesitonLambdaFunctionQualifiedArn"
      }
    },
    "HttpApiId": {
      "Description": "Id of the HTTP API",
      "Value": {
        "Ref": "HttpApi"
      },
      "Export": {
        "Name": "sls-question-service-prod-HttpApiId"
      }
    },
    "HttpApiUrl": {
      "Description": "URL of the HTTP API",
      "Value": {
        "Fn::Join": [
          "",
          [
            "https://",
            {
              "Ref": "HttpApi"
            },
            ".execute-api.",
            {
              "Ref": "AWS::Region"
            },
            ".",
            {
              "Ref": "AWS::URLSuffix"
            }
          ]
        ]
      },
      "Export": {
        "Name": "sls-question-service-prod-HttpApiUrl"
      }
    }
  }
}