{
  "C:\\Users\\zette\\Downloads\\cs3219-ay2526s1-project-g28\\backend\\question-service\\serverless.yml": {
    "versionFramework": "4.23.0",
    "servicePath": "C:\\Users\\zette\\Downloads\\cs3219-ay2526s1-project-g28\\backend\\question-service\\serverless.yml",
    "serviceConfigFileName": "serverless.yml",
    "service": {
      "service": "question-service",
      "provider": {
        "name": "aws",
        "runtime": "nodejs20.x",
        "region": "ap-southeast-1",
        "stage": "prod",
        "lambdaHashingVersion": "20201221",
        "logs": {
          "httpApi": false
        },
        "environment": {
          "PORT": "3002",
          "DB_LOCAL_URI": "mongodb+srv://postgrass_admin:kbZPifVl5m0MbxrK@postgrass.185fsry.mongodb.net/cs3219_question_service?retryWrites=true&w=majority&appName=postgrass",
          "DB_CLOUD_URI": "mongodb+srv://postgrass_admin:kbZPifVl5m0MbxrK@postgrass.185fsry.mongodb.net/cs3219_question_service?retryWrites=true&w=majority&appName=postgrass",
          "ENV": "DEV",
          "JWT_SECRET": "<REDACTED>",
          "KAFKA_BROKERS": "pkc-619z3.us-east1.gcp.confluent.cloud:9092",
          "KAFKA_USERNAME": "FUDFCTP3CXGUPX6K",
          "KAFKA_PASSWORD": "<REDACTED>",
          "CLOUDINARY_CLOUD_NAME": "dyizbfggo",
          "CLOUDINARY_API_KEY": "<REDACTED>",
          "CLOUDINARY_API_SECRET": "<REDACTED>"
        },
        "versionFunctions": true,
        "compiledCloudFormationTemplate": {
          "AWSTemplateFormatVersion": "2010-09-09",
          "Description": "The AWS CloudFormation template for this Serverless application",
          "Resources": {
            "QuesitonLogGroup": {
              "Type": "AWS::Logs::LogGroup",
              "Properties": {
                "LogGroupName": "/aws/lambda/question-service-prod-quesiton"
              }
            },
            "IamRoleLambdaExecution": {
              "Type": "AWS::IAM::Role",
              "Properties": {
                "AssumeRolePolicyDocument": {
                  "Version": "2012-10-17",
                  "Statement": [
                    {
                      "Effect": "Allow",
                      "Principal": {
                        "Service": [
                          "lambda.amazonaws.com"
                        ]
                      },
                      "Action": [
                        "sts:AssumeRole"
                      ]
                    }
                  ]
                },
                "Policies": [
                  {
                    "PolicyName": {
                      "Fn::Join": [
                        "-",
                        [
                          "question-service",
                          "prod",
                          "lambda"
                        ]
                      ]
                    },
                    "PolicyDocument": {
                      "Version": "2012-10-17",
                      "Statement": [
                        {
                          "Effect": "Allow",
                          "Action": [
                            "logs:CreateLogStream",
                            "logs:CreateLogGroup",
                            "logs:TagResource"
                          ],
                          "Resource": [
                            {
                              "Fn::Sub": "arn:${AWS::Partition}:logs:${AWS::Region}:${AWS::AccountId}:log-group:/aws/lambda/question-service-prod*:*"
                            }
                          ]
                        },
                        {
                          "Effect": "Allow",
                          "Action": [
                            "logs:PutLogEvents"
                          ],
                          "Resource": [
                            {
                              "Fn::Sub": "arn:${AWS::Partition}:logs:${AWS::Region}:${AWS::AccountId}:log-group:/aws/lambda/question-service-prod*:*:*"
                            }
                          ]
                        }
                      ]
                    }
                  }
                ],
                "Path": "/",
                "RoleName": {
                  "Fn::Join": [
                    "-",
                    [
                      "question-service",
                      "prod",
                      {
                        "Ref": "AWS::Region"
                      },
                      "lambdaRole"
                    ]
                  ]
                }
              }
            },
            "QuesitonLambdaFunction": {
              "Type": "AWS::Lambda::Function",
              "Properties": {
                "Code": {
                  "S3Bucket": "serverless-framework-deployments-ap-southeast-1-3a8834ab-0f35",
                  "S3Key": "serverless/question-service/prod/1762924262548-2025-11-12T05:11:02.548Z/question-service.zip"
                },
                "Handler": "lambda.handler",
                "Runtime": "nodejs20.x",
                "FunctionName": "question-service-prod-quesiton",
                "MemorySize": 1024,
                "Timeout": 6,
                "Environment": {
                  "Variables": {
                    "PORT": "3002",
                    "DB_LOCAL_URI": "mongodb+srv://postgrass_admin:kbZPifVl5m0MbxrK@postgrass.185fsry.mongodb.net/cs3219_question_service?retryWrites=true&w=majority&appName=postgrass",
                    "DB_CLOUD_URI": "mongodb+srv://postgrass_admin:kbZPifVl5m0MbxrK@postgrass.185fsry.mongodb.net/cs3219_question_service?retryWrites=true&w=majority&appName=postgrass",
                    "ENV": "DEV",
                    "JWT_SECRET": "<REDACTED>",
                    "KAFKA_BROKERS": "pkc-619z3.us-east1.gcp.confluent.cloud:9092",
                    "KAFKA_USERNAME": "FUDFCTP3CXGUPX6K",
                    "KAFKA_PASSWORD": "<REDACTED>",
                    "CLOUDINARY_CLOUD_NAME": "dyizbfggo",
                    "CLOUDINARY_API_KEY": "<REDACTED>",
                    "CLOUDINARY_API_SECRET": "<REDACTED>"
                  }
                },
                "Role": {
                  "Fn::GetAtt": [
                    "IamRoleLambdaExecution",
                    "Arn"
                  ]
                }
              },
              "DependsOn": [
                "QuesitonLogGroup"
              ]
            },
            "QuesitonLambdaVersionOeCHRiaGb95QtetPBw4L8v35SlRi5LH0sOvsL7ksM": {
              "Type": "AWS::Lambda::Version",
              "DeletionPolicy": "Retain",
              "Properties": {
                "FunctionName": {
                  "Ref": "QuesitonLambdaFunction"
                },
                "CodeSha256": "BFRbweeENageHYYvdreZtn6bOzuwANMClPQlXcftiBM="
              }
            },
            "HttpApi": {
              "Type": "AWS::ApiGatewayV2::Api",
              "Properties": {
                "Name": "prod-question-service",
                "ProtocolType": "HTTP"
              }
            },
            "HttpApiStage": {
              "Type": "AWS::ApiGatewayV2::Stage",
              "Properties": {
                "ApiId": {
                  "Ref": "HttpApi"
                },
                "StageName": "$default",
                "AutoDeploy": true,
                "DefaultRouteSettings": {
                  "DetailedMetricsEnabled": false
                }
              }
            },
            "QuesitonLambdaPermissionHttpApi": {
              "Type": "AWS::Lambda::Permission",
              "Properties": {
                "FunctionName": {
                  "Fn::GetAtt": [
                    "QuesitonLambdaFunction",
                    "Arn"
                  ]
                },
                "Action": "lambda:InvokeFunction",
                "Principal": "apigateway.amazonaws.com",
                "SourceArn": {
                  "Fn::Join": [
                    "",
                    [
                      "arn:",
                      {
                        "Ref": "AWS::Partition"
                      },
                      ":execute-api:",
                      {
                        "Ref": "AWS::Region"
                      },
                      ":",
                      {
                        "Ref": "AWS::AccountId"
                      },
                      ":",
                      {
                        "Ref": "HttpApi"
                      },
                      "/*"
                    ]
                  ]
                }
              }
            },
            "HttpApiIntegrationQuesiton": {
              "Type": "AWS::ApiGatewayV2::Integration",
              "Properties": {
                "ApiId": {
                  "Ref": "HttpApi"
                },
                "IntegrationType": "AWS_PROXY",
                "IntegrationUri": {
                  "Fn::GetAtt": [
                    "QuesitonLambdaFunction",
                    "Arn"
                  ]
                },
                "PayloadFormatVersion": "2.0",
                "TimeoutInMillis": 30000
              }
            },
            "HttpApiRouteAnyProxyVar": {
              "Type": "AWS::ApiGatewayV2::Route",
              "Properties": {
                "ApiId": {
                  "Ref": "HttpApi"
                },
                "RouteKey": "ANY /{proxy+}",
                "Target": {
                  "Fn::Join": [
                    "/",
                    [
                      "integrations",
                      {
                        "Ref": "HttpApiIntegrationQuesiton"
                      }
                    ]
                  ]
                }
              },
              "DependsOn": "HttpApiIntegrationQuesiton"
            }
          },
          "Outputs": {
            "ServerlessDeploymentBucketName": {
              "Value": "serverless-framework-deployments-ap-southeast-1-3a8834ab-0f35",
              "Export": {
                "Name": "sls-question-service-prod-ServerlessDeploymentBucketName"
              }
            },
            "QuesitonLambdaFunctionQualifiedArn": {
              "Description": "Current Lambda function version",
              "Value": {
                "Ref": "QuesitonLambdaVersionOeCHRiaGb95QtetPBw4L8v35SlRi5LH0sOvsL7ksM"
              },
              "Export": {
                "Name": "sls-question-service-prod-QuesitonLambdaFunctionQualifiedArn"
              }
            },
            "HttpApiId": {
              "Description": "Id of the HTTP API",
              "Value": {
                "Ref": "HttpApi"
              },
              "Export": {
                "Name": "sls-question-service-prod-HttpApiId"
              }
            },
            "HttpApiUrl": {
              "Description": "URL of the HTTP API",
              "Value": {
                "Fn::Join": [
                  "",
                  [
                    "https://",
                    {
                      "Ref": "HttpApi"
                    },
                    ".execute-api.",
                    {
                      "Ref": "AWS::Region"
                    },
                    ".",
                    {
                      "Ref": "AWS::URLSuffix"
                    }
                  ]
                ]
              },
              "Export": {
                "Name": "sls-question-service-prod-HttpApiUrl"
              }
            }
          }
        },
        "vpc": {}
      },
      "functions": {
        "quesiton": {
          "handler": "lambda.handler",
          "events": [
            {
              "httpApi": {
                "path": "/{proxy+}",
                "method": "ANY"
              },
              "resolvedMethod": "ANY",
              "resolvedPath": "/{proxy+}"
            }
          ],
          "name": "question-service-prod-quesiton",
          "package": {},
          "memory": 1024,
          "timeout": 6,
          "runtime": "nodejs20.x",
          "vpc": {},
          "versionLogicalId": "QuesitonLambdaVersionOeCHRiaGb95QtetPBw4L8v35SlRi5LH0sOvsL7ksM"
        }
      },
      "package": {
        "patterns": [
          "!node_modules/aws-sdk/**",
          "**"
        ],
        "artifactsS3KeyDirname": "serverless/question-service/prod/code-artifacts",
        "deploymentBucket": "serverless-framework-deployments-ap-southeast-1-3a8834ab-0f35",
        "artifact": "C:\\Users\\zette\\Downloads\\cs3219-ay2526s1-project-g28\\backend\\question-service\\.serverless\\question-service.zip",
        "artifactDirectoryName": "serverless/question-service/prod/1762924262548-2025-11-12T05:11:02.548Z"
      }
    },
    "provider": {
      "name": "aws",
      "runtime": "nodejs20.x",
      "region": "ap-southeast-1",
      "stage": "prod",
      "lambdaHashingVersion": "20201221",
      "logs": {
        "httpApi": false
      },
      "environment": {
        "PORT": "3002",
        "DB_LOCAL_URI": "mongodb+srv://postgrass_admin:kbZPifVl5m0MbxrK@postgrass.185fsry.mongodb.net/cs3219_question_service?retryWrites=true&w=majority&appName=postgrass",
        "DB_CLOUD_URI": "mongodb+srv://postgrass_admin:kbZPifVl5m0MbxrK@postgrass.185fsry.mongodb.net/cs3219_question_service?retryWrites=true&w=majority&appName=postgrass",
        "ENV": "DEV",
        "JWT_SECRET": "<REDACTED>",
        "KAFKA_BROKERS": "pkc-619z3.us-east1.gcp.confluent.cloud:9092",
        "KAFKA_USERNAME": "FUDFCTP3CXGUPX6K",
        "KAFKA_PASSWORD": "<REDACTED>",
        "CLOUDINARY_CLOUD_NAME": "dyizbfggo",
        "CLOUDINARY_API_KEY": "<REDACTED>",
        "CLOUDINARY_API_SECRET": "<REDACTED>"
      },
      "versionFunctions": true,
      "compiledCloudFormationTemplate": {
        "AWSTemplateFormatVersion": "2010-09-09",
        "Description": "The AWS CloudFormation template for this Serverless application",
        "Resources": {
          "QuesitonLogGroup": {
            "Type": "AWS::Logs::LogGroup",
            "Properties": {
              "LogGroupName": "/aws/lambda/question-service-prod-quesiton"
            }
          },
          "IamRoleLambdaExecution": {
            "Type": "AWS::IAM::Role",
            "Properties": {
              "AssumeRolePolicyDocument": {
                "Version": "2012-10-17",
                "Statement": [
                  {
                    "Effect": "Allow",
                    "Principal": {
                      "Service": [
                        "lambda.amazonaws.com"
                      ]
                    },
                    "Action": [
                      "sts:AssumeRole"
                    ]
                  }
                ]
              },
              "Policies": [
                {
                  "PolicyName": {
                    "Fn::Join": [
                      "-",
                      [
                        "question-service",
                        "prod",
                        "lambda"
                      ]
                    ]
                  },
                  "PolicyDocument": {
                    "Version": "2012-10-17",
                    "Statement": [
                      {
                        "Effect": "Allow",
                        "Action": [
                          "logs:CreateLogStream",
                          "logs:CreateLogGroup",
                          "logs:TagResource"
                        ],
                        "Resource": [
                          {
                            "Fn::Sub": "arn:${AWS::Partition}:logs:${AWS::Region}:${AWS::AccountId}:log-group:/aws/lambda/question-service-prod*:*"
                          }
                        ]
                      },
                      {
                        "Effect": "Allow",
                        "Action": [
                          "logs:PutLogEvents"
                        ],
                        "Resource": [
                          {
                            "Fn::Sub": "arn:${AWS::Partition}:logs:${AWS::Region}:${AWS::AccountId}:log-group:/aws/lambda/question-service-prod*:*:*"
                          }
                        ]
                      }
                    ]
                  }
                }
              ],
              "Path": "/",
              "RoleName": {
                "Fn::Join": [
                  "-",
                  [
                    "question-service",
                    "prod",
                    {
                      "Ref": "AWS::Region"
                    },
                    "lambdaRole"
                  ]
                ]
              }
            }
          },
          "QuesitonLambdaFunction": {
            "Type": "AWS::Lambda::Function",
            "Properties": {
              "Code": {
                "S3Bucket": "serverless-framework-deployments-ap-southeast-1-3a8834ab-0f35",
                "S3Key": "serverless/question-service/prod/1762924262548-2025-11-12T05:11:02.548Z/question-service.zip"
              },
              "Handler": "lambda.handler",
              "Runtime": "nodejs20.x",
              "FunctionName": "question-service-prod-quesiton",
              "MemorySize": 1024,
              "Timeout": 6,
              "Environment": {
                "Variables": {
                  "PORT": "3002",
                  "DB_LOCAL_URI": "mongodb+srv://postgrass_admin:kbZPifVl5m0MbxrK@postgrass.185fsry.mongodb.net/cs3219_question_service?retryWrites=true&w=majority&appName=postgrass",
                  "DB_CLOUD_URI": "mongodb+srv://postgrass_admin:kbZPifVl5m0MbxrK@postgrass.185fsry.mongodb.net/cs3219_question_service?retryWrites=true&w=majority&appName=postgrass",
                  "ENV": "DEV",
                  "JWT_SECRET": "<REDACTED>",
                  "KAFKA_BROKERS": "pkc-619z3.us-east1.gcp.confluent.cloud:9092",
                  "KAFKA_USERNAME": "FUDFCTP3CXGUPX6K",
                  "KAFKA_PASSWORD": "<REDACTED>",
                  "CLOUDINARY_CLOUD_NAME": "dyizbfggo",
                  "CLOUDINARY_API_KEY": "<REDACTED>",
                  "CLOUDINARY_API_SECRET": "<REDACTED>"
                }
              },
              "Role": {
                "Fn::GetAtt": [
                  "IamRoleLambdaExecution",
                  "Arn"
                ]
              }
            },
            "DependsOn": [
              "QuesitonLogGroup"
            ]
          },
          "QuesitonLambdaVersionOeCHRiaGb95QtetPBw4L8v35SlRi5LH0sOvsL7ksM": {
            "Type": "AWS::Lambda::Version",
            "DeletionPolicy": "Retain",
            "Properties": {
              "FunctionName": {
                "Ref": "QuesitonLambdaFunction"
              },
              "CodeSha256": "BFRbweeENageHYYvdreZtn6bOzuwANMClPQlXcftiBM="
            }
          },
          "HttpApi": {
            "Type": "AWS::ApiGatewayV2::Api",
            "Properties": {
              "Name": "prod-question-service",
              "ProtocolType": "HTTP"
            }
          },
          "HttpApiStage": {
            "Type": "AWS::ApiGatewayV2::Stage",
            "Properties": {
              "ApiId": {
                "Ref": "HttpApi"
              },
              "StageName": "$default",
              "AutoDeploy": true,
              "DefaultRouteSettings": {
                "DetailedMetricsEnabled": false
              }
            }
          },
          "QuesitonLambdaPermissionHttpApi": {
            "Type": "AWS::Lambda::Permission",
            "Properties": {
              "FunctionName": {
                "Fn::GetAtt": [
                  "QuesitonLambdaFunction",
                  "Arn"
                ]
              },
              "Action": "lambda:InvokeFunction",
              "Principal": "apigateway.amazonaws.com",
              "SourceArn": {
                "Fn::Join": [
                  "",
                  [
                    "arn:",
                    {
                      "Ref": "AWS::Partition"
                    },
                    ":execute-api:",
                    {
                      "Ref": "AWS::Region"
                    },
                    ":",
                    {
                      "Ref": "AWS::AccountId"
                    },
                    ":",
                    {
                      "Ref": "HttpApi"
                    },
                    "/*"
                  ]
                ]
              }
            }
          },
          "HttpApiIntegrationQuesiton": {
            "Type": "AWS::ApiGatewayV2::Integration",
            "Properties": {
              "ApiId": {
                "Ref": "HttpApi"
              },
              "IntegrationType": "AWS_PROXY",
              "IntegrationUri": {
                "Fn::GetAtt": [
                  "QuesitonLambdaFunction",
                  "Arn"
                ]
              },
              "PayloadFormatVersion": "2.0",
              "TimeoutInMillis": 30000
            }
          },
          "HttpApiRouteAnyProxyVar": {
            "Type": "AWS::ApiGatewayV2::Route",
            "Properties": {
              "ApiId": {
                "Ref": "HttpApi"
              },
              "RouteKey": "ANY /{proxy+}",
              "Target": {
                "Fn::Join": [
                  "/",
                  [
                    "integrations",
                    {
                      "Ref": "HttpApiIntegrationQuesiton"
                    }
                  ]
                ]
              }
            },
            "DependsOn": "HttpApiIntegrationQuesiton"
          }
        },
        "Outputs": {
          "ServerlessDeploymentBucketName": {
            "Value": "serverless-framework-deployments-ap-southeast-1-3a8834ab-0f35",
            "Export": {
              "Name": "sls-question-service-prod-ServerlessDeploymentBucketName"
            }
          },
          "QuesitonLambdaFunctionQualifiedArn": {
            "Description": "Current Lambda function version",
            "Value": {
              "Ref": "QuesitonLambdaVersionOeCHRiaGb95QtetPBw4L8v35SlRi5LH0sOvsL7ksM"
            },
            "Export": {
              "Name": "sls-question-service-prod-QuesitonLambdaFunctionQualifiedArn"
            }
          },
          "HttpApiId": {
            "Description": "Id of the HTTP API",
            "Value": {
              "Ref": "HttpApi"
            },
            "Export": {
              "Name": "sls-question-service-prod-HttpApiId"
            }
          },
          "HttpApiUrl": {
            "Description": "URL of the HTTP API",
            "Value": {
              "Fn::Join": [
                "",
                [
                  "https://",
                  {
                    "Ref": "HttpApi"
                  },
                  ".execute-api.",
                  {
                    "Ref": "AWS::Region"
                  },
                  ".",
                  {
                    "Ref": "AWS::URLSuffix"
                  }
                ]
              ]
            },
            "Export": {
              "Name": "sls-question-service-prod-HttpApiUrl"
            }
          }
        }
      },
      "vpc": {}
    },
    "dashboard": {
      "isEnabledForService": false,
      "requiredAuthentication": false,
      "orgFeaturesInUse": null,
      "orgObservabilityIntegrations": null,
      "serviceAppId": null,
      "serviceProvider": null,
      "instanceParameters": null
    },
    "serviceRawFile": "service: question-service\r\n\r\nprovider:\r\n  name: aws\r\n  runtime: nodejs20.x\r\n  region: ap-southeast-1\r\n  stage: prod\r\n  lambdaHashingVersion: 20201221\r\n  logs:\r\n    httpApi: false # disables CloudWatch access logs for HTTP APIs\r\n\r\n  environment:\r\n    PORT: ${env:QUESTION_SERVICE_PORT}\r\n    DB_LOCAL_URI: ${env:DB_LOCAL_URI}\r\n    DB_CLOUD_URI: ${env:DB_CLOUD_URI}\r\n    ENV: ${env:ENV}\r\n    JWT_SECRET: ${env:JWT_SECRET}\r\n    KAFKA_BROKERS: ${env:KAFKA_BROKERS}\r\n    KAFKA_USERNAME: ${env:KAFKA_USERNAME}\r\n    KAFKA_PASSWORD: ${env:KAFKA_PASSWORD}\r\n    CLOUDINARY_CLOUD_NAME: ${env:CLOUDINARY_CLOUD_NAME}\r\n    CLOUDINARY_API_KEY: ${env:CLOUDINARY_API_KEY}\r\n    CLOUDINARY_API_SECRET: ${env:CLOUDINARY_API_SECRET}\r\n\r\nfunctions:\r\n  quesiton:\r\n    handler: lambda.handler\r\n    events:\r\n      - httpApi:\r\n          path: /{proxy+}\r\n          method: ANY\r\n\r\npackage:\r\n  patterns:\r\n    - \"!node_modules/aws-sdk/**\"\r\n    - \"**\"\r\n",
    "command": [
      "deploy"
    ],
    "options": {
      "region": "ap-southeast-1",
      "stage": "prod"
    },
    "orgId": "45401b20-476c-48c4-b969-afd8bca2ab5b",
    "orgName": "peerprep",
    "userId": "HgsM33DL9Gyjfd7M62",
    "userName": "peerprep",
    "serviceProviderAwsAccountId": "975050052121",
    "serviceProviderAwsCfStackName": "question-service-prod",
    "serviceProviderAwsCfStackId": "arn:aws:cloudformation:ap-southeast-1:975050052121:stack/question-service-prod/d23ec380-bf21-11f0-943b-0af625709271",
    "serviceProviderAwsCfStackCreated": "2025-11-11T17:14:03.852Z",
    "serviceProviderAwsCfStackUpdated": "2025-11-12T05:10:21.563Z",
    "serviceProviderAwsCfStackStatus": "UPDATE_COMPLETE",
    "serviceProviderAwsCfStackOutputs": [
      {
        "OutputKey": "UserLambdaFunctionQualifiedArn",
        "OutputValue": "arn:aws:lambda:ap-southeast-1:975050052121:function:question-service-prod-user:15",
        "Description": "Current Lambda function version",
        "ExportName": "sls-question-service-prod-UserLambdaFunctionQualifiedArn"
      },
      {
        "OutputKey": "HttpApiId",
        "OutputValue": "42zi4ioo3c",
        "Description": "Id of the HTTP API",
        "ExportName": "sls-question-service-prod-HttpApiId"
      },
      {
        "OutputKey": "ServerlessDeploymentBucketName",
        "OutputValue": "serverless-framework-deployments-ap-southeast-1-3a8834ab-0f35",
        "ExportName": "sls-question-service-prod-ServerlessDeploymentBucketName"
      },
      {
        "OutputKey": "HttpApiUrl",
        "OutputValue": "https://42zi4ioo3c.execute-api.ap-southeast-1.amazonaws.com",
        "Description": "URL of the HTTP API",
        "ExportName": "sls-question-service-prod-HttpApiUrl"
      }
    ],
    "compiledCloudFormationTemplate": {
      "AWSTemplateFormatVersion": "2010-09-09",
      "Description": "The AWS CloudFormation template for this Serverless application",
      "Resources": {
        "QuesitonLogGroup": {
          "Type": "AWS::Logs::LogGroup",
          "Properties": {
            "LogGroupName": "/aws/lambda/question-service-prod-quesiton"
          }
        },
        "IamRoleLambdaExecution": {
          "Type": "AWS::IAM::Role",
          "Properties": {
            "AssumeRolePolicyDocument": {
              "Version": "2012-10-17",
              "Statement": [
                {
                  "Effect": "Allow",
                  "Principal": {
                    "Service": [
                      "lambda.amazonaws.com"
                    ]
                  },
                  "Action": [
                    "sts:AssumeRole"
                  ]
                }
              ]
            },
            "Policies": [
              {
                "PolicyName": {
                  "Fn::Join": [
                    "-",
                    [
                      "question-service",
                      "prod",
                      "lambda"
                    ]
                  ]
                },
                "PolicyDocument": {
                  "Version": "2012-10-17",
                  "Statement": [
                    {
                      "Effect": "Allow",
                      "Action": [
                        "logs:CreateLogStream",
                        "logs:CreateLogGroup",
                        "logs:TagResource"
                      ],
                      "Resource": [
                        {
                          "Fn::Sub": "arn:${AWS::Partition}:logs:${AWS::Region}:${AWS::AccountId}:log-group:/aws/lambda/question-service-prod*:*"
                        }
                      ]
                    },
                    {
                      "Effect": "Allow",
                      "Action": [
                        "logs:PutLogEvents"
                      ],
                      "Resource": [
                        {
                          "Fn::Sub": "arn:${AWS::Partition}:logs:${AWS::Region}:${AWS::AccountId}:log-group:/aws/lambda/question-service-prod*:*:*"
                        }
                      ]
                    }
                  ]
                }
              }
            ],
            "Path": "/",
            "RoleName": {
              "Fn::Join": [
                "-",
                [
                  "question-service",
                  "prod",
                  {
                    "Ref": "AWS::Region"
                  },
                  "lambdaRole"
                ]
              ]
            }
          }
        },
        "QuesitonLambdaFunction": {
          "Type": "AWS::Lambda::Function",
          "Properties": {
            "Code": {
              "S3Bucket": "serverless-framework-deployments-ap-southeast-1-3a8834ab-0f35",
              "S3Key": "serverless/question-service/prod/1762924262548-2025-11-12T05:11:02.548Z/question-service.zip"
            },
            "Handler": "lambda.handler",
            "Runtime": "nodejs20.x",
            "FunctionName": "question-service-prod-quesiton",
            "MemorySize": 1024,
            "Timeout": 6,
            "Environment": {
              "Variables": {
                "PORT": "3002",
                "DB_LOCAL_URI": "mongodb+srv://postgrass_admin:kbZPifVl5m0MbxrK@postgrass.185fsry.mongodb.net/cs3219_question_service?retryWrites=true&w=majority&appName=postgrass",
                "DB_CLOUD_URI": "mongodb+srv://postgrass_admin:kbZPifVl5m0MbxrK@postgrass.185fsry.mongodb.net/cs3219_question_service?retryWrites=true&w=majority&appName=postgrass",
                "ENV": "DEV",
                "JWT_SECRET": "<REDACTED>",
                "KAFKA_BROKERS": "pkc-619z3.us-east1.gcp.confluent.cloud:9092",
                "KAFKA_USERNAME": "FUDFCTP3CXGUPX6K",
                "KAFKA_PASSWORD": "<REDACTED>",
                "CLOUDINARY_CLOUD_NAME": "dyizbfggo",
                "CLOUDINARY_API_KEY": "<REDACTED>",
                "CLOUDINARY_API_SECRET": "<REDACTED>"
              }
            },
            "Role": {
              "Fn::GetAtt": [
                "IamRoleLambdaExecution",
                "Arn"
              ]
            }
          },
          "DependsOn": [
            "QuesitonLogGroup"
          ]
        },
        "QuesitonLambdaVersionOeCHRiaGb95QtetPBw4L8v35SlRi5LH0sOvsL7ksM": {
          "Type": "AWS::Lambda::Version",
          "DeletionPolicy": "Retain",
          "Properties": {
            "FunctionName": {
              "Ref": "QuesitonLambdaFunction"
            },
            "CodeSha256": "BFRbweeENageHYYvdreZtn6bOzuwANMClPQlXcftiBM="
          }
        },
        "HttpApi": {
          "Type": "AWS::ApiGatewayV2::Api",
          "Properties": {
            "Name": "prod-question-service",
            "ProtocolType": "HTTP"
          }
        },
        "HttpApiStage": {
          "Type": "AWS::ApiGatewayV2::Stage",
          "Properties": {
            "ApiId": {
              "Ref": "HttpApi"
            },
            "StageName": "$default",
            "AutoDeploy": true,
            "DefaultRouteSettings": {
              "DetailedMetricsEnabled": false
            }
          }
        },
        "QuesitonLambdaPermissionHttpApi": {
          "Type": "AWS::Lambda::Permission",
          "Properties": {
            "FunctionName": {
              "Fn::GetAtt": [
                "QuesitonLambdaFunction",
                "Arn"
              ]
            },
            "Action": "lambda:InvokeFunction",
            "Principal": "apigateway.amazonaws.com",
            "SourceArn": {
              "Fn::Join": [
                "",
                [
                  "arn:",
                  {
                    "Ref": "AWS::Partition"
                  },
                  ":execute-api:",
                  {
                    "Ref": "AWS::Region"
                  },
                  ":",
                  {
                    "Ref": "AWS::AccountId"
                  },
                  ":",
                  {
                    "Ref": "HttpApi"
                  },
                  "/*"
                ]
              ]
            }
          }
        },
        "HttpApiIntegrationQuesiton": {
          "Type": "AWS::ApiGatewayV2::Integration",
          "Properties": {
            "ApiId": {
              "Ref": "HttpApi"
            },
            "IntegrationType": "AWS_PROXY",
            "IntegrationUri": {
              "Fn::GetAtt": [
                "QuesitonLambdaFunction",
                "Arn"
              ]
            },
            "PayloadFormatVersion": "2.0",
            "TimeoutInMillis": 30000
          }
        },
        "HttpApiRouteAnyProxyVar": {
          "Type": "AWS::ApiGatewayV2::Route",
          "Properties": {
            "ApiId": {
              "Ref": "HttpApi"
            },
            "RouteKey": "ANY /{proxy+}",
            "Target": {
              "Fn::Join": [
                "/",
                [
                  "integrations",
                  {
                    "Ref": "HttpApiIntegrationQuesiton"
                  }
                ]
              ]
            }
          },
          "DependsOn": "HttpApiIntegrationQuesiton"
        }
      },
      "Outputs": {
        "ServerlessDeploymentBucketName": {
          "Value": "serverless-framework-deployments-ap-southeast-1-3a8834ab-0f35",
          "Export": {
            "Name": "sls-question-service-prod-ServerlessDeploymentBucketName"
          }
        },
        "QuesitonLambdaFunctionQualifiedArn": {
          "Description": "Current Lambda function version",
          "Value": {
            "Ref": "QuesitonLambdaVersionOeCHRiaGb95QtetPBw4L8v35SlRi5LH0sOvsL7ksM"
          },
          "Export": {
            "Name": "sls-question-service-prod-QuesitonLambdaFunctionQualifiedArn"
          }
        },
        "HttpApiId": {
          "Description": "Id of the HTTP API",
          "Value": {
            "Ref": "HttpApi"
          },
          "Export": {
            "Name": "sls-question-service-prod-HttpApiId"
          }
        },
        "HttpApiUrl": {
          "Description": "URL of the HTTP API",
          "Value": {
            "Fn::Join": [
              "",
              [
                "https://",
                {
                  "Ref": "HttpApi"
                },
                ".execute-api.",
                {
                  "Ref": "AWS::Region"
                },
                ".",
                {
                  "Ref": "AWS::URLSuffix"
                }
              ]
            ]
          },
          "Export": {
            "Name": "sls-question-service-prod-HttpApiUrl"
          }
        }
      }
    }
  }
}